Time(s),Altitude(ft)
0.0,0.3
0.05,7.0
0.1,5.7
0.15,4.1
0.2,17.1
0.25,13.9
0.3,19.0
0.35,25.8
0.4,30.8
0.45,45.1
0.5,48.5
0.55,55.7
0.6,70.0
0.65,79.8
0.7,89.3
0.75,102.6
0.8,112.8
0.85,133.6
0.9,142.8
0.95,155.7
1.0,178.0
1.05,189.3
1.1,203.5
1.15,226.0
1.2,240.2
1.25,262.8
1.3,281.6
1.35,302.3
1.4,328.0
1.45,349.6
1.5,376.5
1.55,396.1
1.6,413.5
1.65,435.9
1.7,459.6
1.75,481.8
1.8,498.3
1.85,525.8
1.9,547.4
1.95,567.5
2.0,591.8
2.05,604.7
2.1,624.3
2.15,644.6
2.2,665.6
2.25,688.9
2.3,710.2
2.35,726.8
2.4,746.2
2.45,766.5
2.5,782.4
2.55,806.3
2.6,821.5
2.65,841.9
2.7,860.7
2.75,876.6
2.8,895.9
2.85,913.3
2.9,925.5
2.95,949.5
3.0,963.1
3.05,977.3
3.1,996.8
3.15,1017.3
3.2,1031.9
3.25,1043.6
3.3,1057.9
3.35,1079.7
3.4,1092.7
3.45,1113.2
3.5,1131.1
3.55,1143.0
3.6,1156.3
3.65,1169.0
3.7,1186.0
3.75,1205.2
3.8,1219.9
3.85,1233.4
3.9,1239.7
3.95,1255.3
4.0,1271.6
4.05,1290.4
4.1,1303.4
4.15,1321.1
4.2,1329.5
4.25,1347.5
4.3,1357.2
4.35,1372.9
4.4,1385.1
4.45,1395.9
4.5,1404.4
4.55,1425.4
4.6,1430.8
4.65,1446.3
4.7,1460.1
4.75,1466.7
4.8,1484.4
4.85,1500.5
4.9,1512.0
4.95,1525.1
5.0,1532.8
5.05,1541.5
5.1,1554.9
5.15,1566.8
5.2,1576.4
5.25,1585.5
5.3,1602.3
5.35,1611.0
5.4,1622.2
5.45,1632.4
5.5,1644.3
5.55,1653.2
5.6,1665.5
5.65,1674.9
5.7,1682.0
5.75,1692.4
5.8,1699.8
5.85,1710.5
5.9,1722.3
5.95,1730.8
6.0,1749.5
6.05,1749.5
6.1,1760.6
6.15,1768.3
6.2,1784.9
6.25,1788.6
6.3,1797.3
6.35,1806.4
6.4,1814.1
6.45,1823.4
6.5,1832.6
6.55,1837.0
6.6,1845.3
6.65,1852.2
6.7,1866.0
6.75,1873.8
6.8,1877.7
6.85,1883.7
6.9,1898.3
6.95,1901.1
7.0,1905.9
7.05,1920.3
7.1,1925.0
7.15,1930.9
7.2,1942.0
7.25,1948.0
7.3,1950.7
7.35,1955.6
7.4,1968.3
7.45,1974.0
7.5,1976.7
7.55,1983.0
7.6,1992.0
7.65,2000.6
7.7,2001.2
7.75,2009.1
7.8,2018.0
7.85,2017.5
7.9,2028.0
7.95,2030.2
8.0,2038.0
8.05,2041.3
8.1,2053.4
8.15,2053.9
8.2,2064.3
8.25,2066.0
8.3,2068.5
8.35,2074.8
8.4,2081.4
8.45,2082.4
8.5,2091.8
8.55,2094.9
8.6,2096.1
8.65,2104.7
8.7,2103.9
8.75,2109.5
8.8,2112.2
8.85,2116.5
8.9,2126.4
8.95,2129.1
9.0,2134.6
9.05,2133.8
9.1,2138.0
9.15,2145.3
9.2,2146.8
9.25,2148.6
9.3,2156.2
9.35,2153.9
9.4,2155.6
9.45,2164.3
9.5,2162.5
9.55,2173.3
9.6,2170.2
9.65,2174.9
9.7,2174.4
9.75,2176.3
9.8,2183.5
9.85,2182.6
9.9,2189.9
9.95,2195.3
10.0,2197.2
10.05,2195.5
10.1,2193.5
10.15,2201.0
10.2,2202.4
10.25,2204.7
10.3,2205.6
10.35,2203.1
10.4,2207.2
10.45,2205.6
10.5,2211.6
10.55,2210.4
10.6,2214.3
10.65,2216.9
10.7,2215.5
10.75,2215.1
10.8,2211.8
10.85,2220.7
10.9,2217.1
10.95,2213.6
11.0,2219.6
11.05,2219.6
11.1,2219.0
11.15,2222.6
11.2,2223.5
11.25,2220.5
11.3,2219.3
11.35,2222.1
11.4,2218.1
11.45,2216.0
11.5,2224.0
11.55,2216.0
11.6,2224.4
11.65,2215.5
11.7,2217.2
11.75,2219.9
11.8,2220.3
11.85,2216.7
11.9,2210.8
11.95,2218.9
12.0,2215.3
12.05,2214.3
12.1,2214.2
12.15,2207.4
12.2,2212.2
12.25,2207.8
12.3,2211.0
12.35,2207.9
12.4,2205.0
12.45,2208.2
12.5,2202.1
12.55,2204.9
12.6,2202.2
12.65,2199.9
12.7,2201.4
12.75,2199.6
12.8,2195.8
12.85,2198.7
12.9,2198.7
12.95,2184.7
13.0,2192.7
13.05,2189.9
13.1,2185.6
13.15,2183.1
13.2,2189.2
13.25,2181.1
13.3,2187.0
13.35,2182.8
13.4,2180.4
13.45,2178.1
13.5,2180.8
13.55,2176.8
13.6,2176.5
13.65,2173.3
13.7,2172.6
13.75,2172.4
13.8,2170.9
13.85,2164.0
13.9,2172.0
13.95,2168.5
14.0,2166.4
14.05,2165.5
14.1,2161.1
14.15,2166.1
14.2,2157.6
14.25,2158.1
14.3,2157.4
14.35,2157.8
14.4,2155.6
14.45,2153.8
14.5,2154.3
14.55,2151.1
14.6,2143.8
14.65,2150.3
14.7,2143.9
14.75,2147.3
14.8,2141.7
14.85,2146.1
14.9,2139.5
14.95,2136.9
15.0,2138.3
15.05,2135.3
15.1,2134.0
15.15,2129.4
15.2,2130.6
15.25,2129.9
15.3,2126.4
15.35,2130.8
15.4,2125.8
15.45,2125.1
15.5,2118.2
15.55,2123.7
15.6,2123.0
15.65,2117.4
15.7,2117.1
15.75,2115.3
15.8,2120.3
15.85,2114.2
15.9,2108.9
15.95,2112.8
16.0,2108.9
16.05,2111.3
16.1,2106.8
16.15,2102.6
16.2,2103.7
16.25,2108.0
16.3,2104.8
16.35,2095.6
16.4,2098.9
16.45,2099.3
16.5,2096.3
16.55,2095.4
16.6,2095.9
16.65,2088.5
16.7,2099.5
16.75,2088.7
16.8,2090.0
16.85,2082.5
16.9,2083.6
16.95,2088.7
17.0,2086.8
17.05,2086.0
17.1,2078.3
17.15,2078.8
17.2,2083.0
17.25,2073.5
17.3,2076.0
17.35,2073.5
17.4,2073.7
17.45,2072.3
17.5,2071.8
17.55,2068.9
17.6,2061.5
17.65,2068.0
17.7,2066.2
17.75,2062.1
17.8,2058.3
17.85,2061.5
17.9,2056.3
17.95,2055.2
18.0,2057.1
18.05,2055.8
18.1,2054.5
18.15,2051.9
18.2,2045.1
18.25,2050.0
18.3,2047.1
18.35,2050.3
18.4,2041.1
18.45,2042.3
18.5,2044.4
18.55,2034.7
18.6,2041.0
18.65,2040.3
18.7,2037.9
18.75,2032.0
18.8,2037.7
18.85,2034.9
18.9,2030.0
18.95,2033.1
19.0,2029.8
19.05,2028.1
19.1,2026.8
19.15,2025.8
19.2,2029.2
19.25,2024.2
19.3,2015.1
19.35,2024.0
19.4,2022.6
19.45,2015.4
19.5,2022.5
19.55,2018.4
19.6,2010.5
19.65,2013.1
19.7,2014.1
19.75,2005.4
19.8,2011.4
19.85,2004.7
19.9,2004.4
19.95,2005.5
20.0,2001.3
20.05,2002.2
20.1,1994.1
20.15,1999.8
20.2,2001.6
20.25,1998.3
20.3,1990.9
20.35,1992.6
20.4,1994.5
20.45,1987.6
20.5,1990.5
20.55,1985.1
20.6,1982.9
20.65,1985.1
20.7,1986.8
20.75,1980.5
20.8,1977.8
20.85,1981.0
20.9,1979.1
20.95,1979.6
21.0,1970.6
21.05,1973.5
21.1,1970.8
21.15,1978.5
21.2,1971.5
21.25,1969.5
21.3,1967.1
21.35,1965.3
21.4,1964.2
21.45,1966.0
21.5,1962.6
21.55,1958.4
21.6,1959.3
21.65,1957.7
21.7,1952.6
21.75,1958.8
21.8,1950.0
21.85,1951.9
21.9,1950.6
21.95,1946.5
22.0,1947.8
22.05,1944.3
22.1,1945.6
22.15,1943.4
22.2,1941.0
22.25,1938.0
22.3,1941.8
22.35,1937.6
22.4,1941.6
22.45,1930.9
22.5,1933.3
22.55,1933.3
22.6,1938.4
22.65,1927.3
22.7,1928.7
22.75,1926.4
22.8,1930.2
22.85,1933.0
22.9,1922.7
22.95,1917.7
23.0,1916.8
23.05,1916.5
23.1,1916.8
23.15,1917.3
23.2,1914.8
23.25,1916.9
23.3,1915.3
23.35,1910.6
23.4,1907.9
23.45,1909.7
23.5,1907.9
23.55,1902.5
23.6,1900.8
23.65,1904.7
23.7,1903.6
23.75,1902.0
23.8,1903.1
23.85,1896.1
23.9,1899.2
23.95,1895.8
24.0,1894.3
24.05,1892.3
24.1,1893.7
24.15,1889.7
24.2,1888.3
24.25,1888.9
24.3,1887.0
24.35,1880.7
24.4,1885.7
24.45,1883.0
24.5,1878.7
24.55,1883.3
24.6,1874.8
24.65,1876.0
24.7,1873.5
24.75,1874.6
24.8,1870.8
24.85,1866.3
24.9,1870.7
24.95,1865.8
25.0,1865.7
25.05,1869.5
25.1,1862.8
25.15,1860.5
25.2,1856.4
25.25,1860.0
25.3,1858.6
25.35,1855.5
25.4,1853.6
25.45,1854.3
25.5,1853.6
25.55,1852.9
25.6,1852.0
25.65,1847.7
25.7,1842.1
25.75,1846.0
25.8,1843.0
25.85,1842.6
25.9,1838.6
25.95,1841.3
26.0,1840.2
26.05,1836.0
26.1,1836.2
26.15,1836.3
26.2,1831.3
26.25,1834.0
26.3,1827.0
26.35,1829.8
26.4,1827.8
26.45,1831.3
26.5,1828.4
26.55,1825.5
26.6,1821.2
26.65,1823.4
26.7,1822.8
26.75,1820.9
26.8,1818.7
26.85,1813.8
26.9,1815.3
26.95,1815.5
27.0,1822.0
27.05,1811.6
27.1,1806.3
27.15,1804.7
27.2,1804.4
27.25,1798.8
27.3,1811.1
27.35,1805.6
27.4,1799.5
27.45,1800.2
27.5,1800.1
27.55,1799.4
27.6,1797.8
27.65,1792.9
27.7,1794.1
27.75,1792.8
27.8,1794.8
27.85,1790.6
27.9,1789.9
27.95,1785.6
28.0,1785.3
28.05,1783.0
28.1,1779.7
28.15,1786.0
28.2,1782.4
28.25,1774.9
28.3,1780.3
28.35,1776.7
28.4,1775.2
28.45,1772.1
28.5,1769.4
28.55,1765.6
28.6,1773.2
28.65,1763.9
28.7,1767.5
28.75,1767.5
28.8,1767.6
28.85,1759.9
28.9,1768.3
28.95,1754.9
29.0,1756.2
29.05,1758.4
29.1,1755.4
29.15,1752.5
29.2,1753.1
29.25,1752.9
29.3,1750.3
29.35,1753.7
29.4,1746.8
29.45,1744.4
29.5,1743.0
29.55,1745.2
29.6,1743.4
29.65,1740.0
29.7,1739.4
29.75,1738.7
29.8,1738.2
29.85,1738.2
29.9,1732.4
29.95,1730.4
30.0,1732.4
30.05,1723.1
30.1,1733.0
30.15,1726.0
30.2,1727.5
30.25,1725.2
30.3,1722.2
30.35,1724.9
30.4,1724.4
30.45,1723.8
30.5,1722.6
30.55,1718.4
30.6,1714.6
30.65,1711.2
30.7,1712.0
30.75,1711.7
30.8,1712.6
30.85,1706.5
30.9,1705.6
30.95,1705.9
31.0,1706.1
31.05,1706.4
31.1,1703.1
31.15,1706.5
31.2,1697.0
31.25,1697.0
31.3,1694.5
31.35,1694.0
31.4,1692.5
31.45,1692.0
31.5,1689.1
31.55,1689.7
31.6,1690.7
31.65,1685.9
31.7,1683.1
31.75,1686.8
31.8,1690.1
31.85,1684.1
31.9,1683.8
31.95,1679.5
32.0,1676.7
32.05,1676.7
32.1,1677.7
32.15,1675.7
32.2,1672.2
32.25,1671.2
32.3,1670.7
32.35,1663.3
32.4,1669.0
32.45,1663.7
32.5,1664.3
32.55,1662.8
32.6,1664.0
32.65,1664.4
32.7,1659.5
32.75,1656.4
32.8,1655.4
32.85,1654.7
32.9,1652.6
32.95,1653.6
33.0,1657.5
33.05,1652.6
33.1,1646.8
33.15,1648.4
33.2,1644.4
33.25,1639.5
33.3,1641.1
33.35,1634.1
33.4,1634.5
33.45,1641.7
33.5,1635.6
33.55,1636.3
33.6,1633.4
33.65,1626.6
33.7,1634.2
33.75,1628.2
33.8,1635.4
33.85,1625.0
33.9,1628.6
33.95,1625.4
34.0,1621.1
34.05,1621.0
34.1,1621.1
34.15,1621.5
34.2,1617.1
34.25,1615.2
34.3,1612.5
34.35,1609.8
34.4,1614.1
34.45,1613.8
34.5,1608.2
34.55,1606.6
34.6,1607.7
34.65,1607.8
34.7,1602.6
34.75,1602.4
34.8,1599.1
34.85,1601.9
34.9,1597.6
34.95,1598.1
35.0,1598.4
35.05,1594.2
35.1,1593.0
35.15,1590.5
35.2,1589.7
35.25,1592.0
35.3,1592.5
35.35,1587.5
35.4,1584.7
35.45,1582.9
35.5,1583.7
35.55,1583.1
35.6,1581.5
35.65,1580.4
35.7,1574.4
35.75,1576.0
35.8,1570.0
35.85,1572.8
35.9,1568.7
35.95,1567.5
36.0,1563.8
36.05,1565.7
36.1,1569.3
36.15,1566.4
36.2,1562.0
36.25,1563.7
36.3,1561.2
36.35,1561.3
36.4,1556.9
36.45,1561.0
36.5,1556.2
36.55,1556.1
36.6,1556.7
36.65,1551.9
36.7,1550.0
36.75,1550.6
36.8,1546.7
36.85,1544.2
36.9,1547.8
36.95,1542.4
37.0,1537.5
37.05,1547.1
37.1,1545.1
37.15,1538.3
37.2,1534.2
37.25,1537.6
37.3,1535.7
37.35,1526.5
37.4,1530.6
37.45,1532.8
37.5,1529.9
37.55,1529.2
37.6,1526.6
37.65,1528.1
37.7,1521.0
37.75,1521.4
37.8,1519.3
37.85,1516.9
37.9,1512.6
37.95,1513.2
38.0,1513.2
38.05,1512.1
38.1,1511.0
38.15,1511.5
38.2,1512.8
38.25,1510.7
38.3,1507.4
38.35,1507.9
38.4,1506.7
38.45,1506.2
38.5,1505.7
38.55,1503.6
38.6,1501.4
38.65,1497.8
38.7,1491.6
38.75,1490.9
38.8,1498.0
38.85,1497.0
38.9,1489.8
38.95,1492.3
39.0,1491.0
39.05,1486.0
39.1,1484.8
39.15,1487.1
39.2,1483.5
39.25,1481.8
39.3,1481.1
39.35,1481.8
39.4,1477.0
39.45,1479.8
39.5,1481.5
39.55,1472.8
39.6,1470.5
39.65,1466.8
39.7,1465.0
39.75,1470.2
39.8,1467.6
39.85,1465.6
39.9,1467.4
39.95,1462.1
40.0,1461.7
40.05,1462.2
40.1,1458.5
40.15,1454.2
40.2,1455.0
40.25,1453.7
40.3,1451.9
40.35,1453.0
40.4,1448.8
40.45,1449.3
40.5,1449.1
40.55,1446.3
40.6,1445.8
40.65,1445.5
40.7,1444.0
40.75,1436.9
40.8,1444.7
40.85,1434.9
40.9,1435.0
40.95,1428.8
41.0,1431.9
41.05,1430.6
41.1,1429.9
41.15,1430.9
41.2,1430.3
41.25,1427.4
41.3,1426.0
41.35,1428.7
41.4,1424.3
41.45,1422.6
41.5,1421.0
41.55,1423.3
41.6,1422.1
41.65,1412.8
41.7,1413.0
41.75,1416.3
41.8,1413.0
41.85,1407.9
41.9,1410.0
41.95,1407.8
42.0,1403.7
42.05,1408.2
42.1,1406.8
42.15,1406.0
42.2,1402.4
42.25,1397.0
42.3,1395.8
42.35,1399.7
42.4,1397.0
42.45,1392.7
42.5,1391.3
42.55,1393.9
42.6,1393.2
42.65,1387.3
42.7,1389.6
42.75,1384.8
42.8,1385.9
42.85,1387.7
42.9,1379.1
42.95,1382.9
43.0,1380.7
43.05,1385.0
43.1,1373.4
43.15,1377.2
43.2,1376.1
43.25,1373.4
43.3,1376.0
43.35,1375.1
43.4,1372.9
43.45,1372.0
43.5,1367.2
43.55,1365.8
43.6,1360.6
43.65,1356.5
43.7,1359.4
43.75,1358.0
43.8,1359.1
43.85,1354.0
43.9,1355.2
43.95,1353.4
44.0,1353.1
44.05,1353.2
44.1,1350.5
44.15,1345.5
44.2,1348.6
44.25,1342.0
44.3,1344.9
44.35,1347.5
44.4,1340.6
44.45,1339.6
44.5,1340.6
44.55,1340.4
44.6,1336.2
44.65,1334.4
44.7,1335.4
44.75,1334.1
44.8,1332.0
44.85,1333.6
44.9,1326.7
44.95,1319.5
45.0,1325.9
45.05,1323.4
45.1,1324.9
45.15,1322.9
45.2,1324.0
45.25,1322.4
45.3,1312.7
45.35,1311.7
45.4,1318.0
45.45,1314.1
45.5,1311.3
45.55,1308.6
45.6,1313.7
45.65,1309.6
45.7,1313.3
45.75,1307.9
45.8,1303.8
45.85,1304.2
45.9,1298.1
45.95,1301.7
46.0,1297.0
46.05,1295.5
46.1,1294.7
46.15,1298.0
46.2,1295.3
46.25,1293.9
46.3,1294.4
46.35,1290.0
46.4,1285.4
46.45,1289.0
46.5,1287.3
46.55,1286.8
46.6,1280.8
46.65,1281.7
46.7,1284.3
46.75,1276.7
46.8,1281.4
46.85,1269.5
46.9,1278.7
46.95,1275.1
47.0,1269.8
47.05,1268.7
47.1,1269.8
47.15,1269.4
47.2,1262.5
47.25,1264.3
47.3,1265.0
47.35,1260.1
47.4,1261.8
47.45,1262.2
47.5,1260.0
47.55,1251.9
47.6,1259.9
47.65,1253.7
47.7,1248.9
47.75,1255.0
47.8,1250.4
47.85,1252.9
47.9,1253.2
47.95,1245.4
48.0,1243.4
48.05,1245.3
48.1,1243.8
48.15,1237.5
48.2,1241.1
48.25,1239.1
48.3,1235.5
48.35,1233.7
48.4,1233.8
48.45,1231.4
48.5,1232.9
48.55,1230.5
48.6,1231.0
48.65,1222.3
48.7,1223.9
48.75,1223.9
48.8,1229.1
48.85,1222.9
48.9,1220.0
48.95,1215.4
49.0,1219.8
49.05,1223.7
49.1,1214.9
49.15,1216.9
49.2,1210.9
49.25,1210.5
49.3,1207.6
49.35,1207.6
49.4,1208.8
49.45,1209.6
49.5,1201.3
49.55,1207.1
49.6,1201.1
49.65,1200.7
49.7,1206.5
49.75,1201.0
49.8,1195.4
49.85,1197.6
49.9,1195.9
49.95,1197.7
50.0,1191.8
50.05,1185.7
50.1,1187.7
50.15,1185.7
50.2,1185.9
50.25,1181.5
50.3,1177.0
50.35,1181.9
50.4,1181.3
50.45,1181.1
50.5,1181.3
50.55,1174.7
50.6,1173.8
50.65,1169.7
50.7,1168.9
50.75,1170.9
50.8,1168.7
50.85,1165.0
50.9,1165.0
50.95,1160.7
51.0,1162.2
51.05,1161.6
51.1,1164.4
51.15,1163.8
51.2,1158.3
51.25,1156.5
51.3,1157.6
51.35,1156.7
51.4,1151.1
51.45,1156.6
51.5,1148.2
51.55,1146.2
51.6,1152.5
51.65,1145.3
51.7,1141.7
51.75,1142.9
51.8,1143.6
51.85,1140.8
51.9,1142.0
51.95,1139.2
52.0,1134.7
52.05,1136.0
52.1,1128.8
52.15,1131.8
52.2,1133.9
52.25,1131.5
52.3,1128.0
52.35,1128.3
52.4,1125.0
52.45,1121.4
52.5,1123.6
52.55,1122.9
52.6,1123.2
52.65,1119.3
52.7,1120.3
52.75,1113.4
52.8,1116.2
52.85,1113.0
52.9,1109.4
52.95,1110.1
53.0,1113.3
53.05,1108.5
53.1,1103.7
53.15,1108.5
53.2,1102.6
53.25,1105.3
53.3,1103.9
53.35,1102.2
53.4,1099.0
53.45,1096.3
53.5,1096.4
53.55,1091.9
53.6,1088.9
53.65,1089.3
53.7,1094.9
53.75,1087.2
53.8,1085.7
53.85,1091.1
53.9,1083.8
53.95,1087.0
54.0,1082.1
54.05,1078.2
54.1,1078.7
54.15,1077.3
54.2,1081.1
54.25,1076.5
54.3,1076.8
54.35,1069.1
54.4,1072.6
54.45,1069.2
54.5,1070.9
54.55,1068.1
54.6,1071.9
54.65,1064.0
54.7,1062.9
54.75,1058.7
54.8,1065.9
54.85,1062.6
54.9,1056.9
54.95,1058.6
55.0,1057.8
55.05,1056.6
55.1,1049.6
55.15,1050.3
55.2,1052.6
55.25,1047.0
55.3,1050.5
55.35,1048.5
55.4,1046.5
55.45,1044.5
55.5,1046.4
55.55,1044.8
55.6,1041.8
55.65,1039.4
55.7,1036.6
55.75,1033.2
55.8,1039.9
55.85,1034.5
55.9,1031.8
55.95,1029.4
56.0,1032.3
56.05,1028.1
56.1,1025.1
56.15,1019.6
56.2,1027.2
56.25,1020.9
56.3,1017.5
56.35,1018.6
56.4,1020.2
56.45,1016.7
56.5,1013.9
56.55,1007.8
56.6,1015.3
56.65,1010.5
56.7,1012.8
56.75,1009.5
56.8,1008.7
56.85,1006.0
56.9,1006.0
56.95,1004.8
57.0,995.5
57.05,1000.4
57.1,996.8
57.15,997.3
57.2,996.9
57.25,996.4
57.3,996.6
57.35,986.5
57.4,996.4
57.45,988.7
57.5,990.5
57.55,986.7
57.6,987.9
57.65,983.1
57.7,981.9
57.75,979.0
57.8,983.5
57.85,976.3
57.9,977.4
57.95,976.6
58.0,976.7
58.05,976.1
58.1,969.2
58.15,966.9
58.2,965.9
58.25,972.5
58.3,958.8
58.35,969.2
58.4,962.9
58.45,957.2
58.5,963.1
58.55,959.3
58.6,962.4
58.65,955.6
58.7,957.2
58.75,952.4
58.8,953.1
58.85,951.0
58.9,950.6
58.95,950.7
59.0,948.0
59.05,947.1
59.1,949.7
59.15,946.0
59.2,943.2
59.25,938.7
59.3,940.8
59.35,943.3
59.4,932.6
59.45,935.0
59.5,934.3
59.55,927.6
59.6,931.2
59.65,928.1
59.7,930.2
59.75,928.5
59.8,926.9
59.85,923.6
59.9,928.9
59.95,919.7
60.0,920.0
60.05,922.2
60.1,920.0
60.15,916.5
60.2,917.2
60.25,914.0
60.3,913.0
60.35,908.9
60.4,910.6
60.45,907.4
60.5,910.0
60.55,907.8
60.6,904.3
60.65,902.8
60.7,903.1
60.75,904.2
60.8,896.5
60.85,899.3
60.9,903.8
60.95,898.1
61.0,894.0
61.05,892.9
61.1,889.5
61.15,887.5
61.2,889.0
61.25,894.9
61.3,884.4
61.35,881.7
61.4,884.2
61.45,877.7
61.5,880.7
61.55,874.3
61.6,880.1
61.65,876.6
61.7,874.1
61.75,874.0
61.8,873.3
61.85,869.6
61.9,870.3
61.95,864.2
62.0,866.1
62.05,869.7
62.1,860.9
62.15,863.2
62.2,861.8
62.25,859.5
62.3,858.2
62.35,857.0
62.4,854.2
62.45,852.1
62.5,853.5
62.55,850.7
62.6,852.6
62.65,849.8
62.7,850.6
62.75,845.3
62.8,840.1
62.85,839.3
62.9,842.8
62.95,840.8
63.0,834.8
63.05,839.9
63.1,832.9
63.15,833.9
63.2,829.7
63.25,831.9
63.3,833.6
63.35,831.1
63.4,825.2
63.45,824.7
63.5,823.0
63.55,825.5
63.6,818.8
63.65,824.4
63.7,819.6
63.75,820.6
63.8,824.4
63.85,819.4
63.9,815.1
63.95,811.7
64.0,813.0
64.05,812.3
64.1,812.5
64.15,806.5
64.2,802.5
64.25,807.0
64.3,804.5
64.35,802.5
64.4,803.5
64.45,797.6
64.5,796.2
64.55,794.2
64.6,799.1
64.65,796.3
64.7,792.9
64.75,798.9
64.8,789.2
64.85,791.0
64.9,788.7
64.95,784.4
65.0,784.2
65.05,785.7
65.1,780.6
65.15,781.8
65.2,788.1
65.25,780.3
65.3,776.2
65.35,774.4
65.4,772.7
65.45,774.3
65.5,770.6
65.55,771.2
65.6,769.8
65.65,768.3
65.7,765.9
65.75,767.6
65.8,763.5
65.85,757.3
65.9,765.2
65.95,759.4
66.0,759.5
66.05,757.6
66.1,751.2
66.15,755.5
66.2,751.8
66.25,748.6
66.3,754.6
66.35,750.9
66.4,745.2
66.45,747.1
66.5,749.6
66.55,742.5
66.6,744.9
66.65,741.7
66.7,737.5
66.75,739.4
66.8,731.9
66.85,736.0
66.9,729.3
66.95,730.9
67.0,728.1
67.05,727.2
67.1,727.7
67.15,724.3
67.2,724.1
67.25,727.2
67.3,718.3
67.35,723.4
67.4,722.4
67.45,720.0
67.5,722.9
67.55,718.5
67.6,722.7
67.65,714.5
67.7,710.6
67.75,708.6
67.8,711.4
67.85,709.4
67.9,705.8
67.95,706.1
68.0,701.2
68.05,705.0
68.1,699.6
68.15,700.2
68.2,699.4
68.25,697.4
68.3,691.5
68.35,695.6
68.4,694.3
68.45,693.6
68.5,698.1
68.55,686.0
68.6,687.4
68.65,684.7
68.7,680.7
68.75,681.8
68.8,685.7
68.85,681.8
68.9,683.7
68.95,679.9
69.0,684.5
69.05,671.9
69.1,676.7
69.15,674.6
69.2,673.8
69.25,667.7
69.3,667.1
69.35,670.7
69.4,668.1
69.45,666.3
69.5,665.9
69.55,662.1
69.6,661.5
69.65,655.7
69.7,661.5
69.75,651.6
69.8,656.3
69.85,659.6
69.9,656.5
69.95,656.2
70.0,648.0
70.05,649.9
70.1,644.3
70.15,643.5
70.2,645.5
70.25,644.3
70.3,641.7
70.35,645.9
70.4,641.0
70.45,634.5
70.5,636.8
70.55,632.7
70.6,632.3
70.65,632.9
70.7,632.5
70.75,630.2
70.8,630.5
70.85,627.3
70.9,627.6
70.95,626.8
71.0,621.7
71.05,623.4
71.1,623.5
71.15,615.9
71.2,616.8
71.25,613.7
71.3,617.0
71.35,611.8
71.4,611.7
71.45,610.9
71.5,610.9
71.55,607.2
71.6,604.6
71.65,603.2
71.7,598.9
71.75,597.3
71.8,601.3
71.85,599.8
71.9,599.9
71.95,597.9
72.0,589.8
72.05,597.3
72.1,596.9
72.15,588.5
72.2,587.0
72.25,592.4
72.3,587.3
72.35,591.7
72.4,588.4
72.45,587.0
72.5,584.4
72.55,582.3
72.6,582.8
72.65,579.2
72.7,577.2
72.75,571.9
72.8,578.2
72.85,575.5
72.9,572.4
72.95,570.9
73.0,569.4
73.05,564.5
73.1,570.6
73.15,563.7
73.2,564.6
73.25,561.9
73.3,560.7
73.35,560.8
73.4,562.3
73.45,557.0
73.5,553.2
73.55,559.0
73.6,554.3
73.65,553.0
73.7,550.3
73.75,547.0
73.8,541.0
73.85,542.7
73.9,545.4
73.95,545.4
74.0,539.9
74.05,540.4
74.1,541.1
74.15,533.6
74.2,540.3
74.25,533.0
74.3,533.5
74.35,532.8
74.4,529.1
74.45,528.4
74.5,528.2
74.55,525.9
74.6,526.5
74.65,526.6
74.7,520.0
74.75,523.4
74.8,519.4
74.85,514.6
74.9,516.2
74.95,510.7
75.0,515.5
75.05,512.7
75.1,509.5
75.15,509.6
75.2,511.6
75.25,511.3
75.3,500.6
75.35,503.7
75.4,504.3
75.45,500.3
75.5,503.4
75.55,500.0
75.6,499.8
75.65,489.7
75.7,492.8
75.75,496.2
75.8,490.8
75.85,493.9
75.9,494.3
75.95,491.8
76.0,490.9
76.05,489.5
76.1,487.8
76.15,488.0
76.2,488.8
76.25,484.9
76.3,489.1
76.35,484.9
76.4,485.6
76.45,486.2
76.5,485.3
76.55,485.8
76.6,487.5
76.65,484.5
76.7,481.9
76.75,481.8
76.8,478.9
76.85,481.2
76.9,480.8
76.95,483.2
77.0,482.1
77.05,482.5
77.1,480.5
77.15,485.2
77.2,482.1
77.25,478.2
77.3,475.2
77.35,478.6
77.4,476.9
77.45,477.6
77.5,476.4
77.55,471.2
77.6,475.0
77.65,472.0
77.7,480.1
77.75,478.2
77.8,473.1
77.85,472.4
77.9,466.9
77.95,474.1
78.0,472.7
78.05,472.6
78.1,470.6
78.15,468.1
78.2,470.0
78.25,472.1
78.3,471.1
78.35,470.9
78.4,464.1
78.45,472.1
78.5,465.9
78.55,466.8
78.6,466.5
78.65,465.2
78.7,465.0
78.75,466.7
78.8,467.8
78.85,463.0
78.9,466.5
78.95,458.9
79.0,466.4
79.05,458.9
79.1,463.0
79.15,460.5
79.2,464.0
79.25,466.1
79.3,457.9
79.35,458.6
79.4,459.4
79.45,453.9
79.5,458.5
79.55,458.8
79.6,457.4
79.65,458.9
79.7,458.7
79.75,458.5
79.8,459.7
79.85,454.8
79.9,454.3
79.95,453.1
80.0,452.4
80.05,454.4
80.1,453.6
80.15,449.8
80.2,450.1
80.25,455.1
80.3,448.0
80.35,450.0
80.4,450.7
80.45,450.1
80.5,445.3
80.55,450.9
80.6,442.3
80.65,444.7
80.7,449.9
80.75,447.2
80.8,442.2
80.85,449.4
80.9,445.3
80.95,444.2
81.0,445.2
81.05,445.4
81.1,450.2
81.15,438.7
81.2,444.0
81.25,444.8
81.3,441.9
81.35,440.9
81.4,441.0
81.45,438.1
81.5,439.2
81.55,437.7
81.6,443.9
81.65,435.7
81.7,440.8
81.75,434.6
81.8,438.5
81.85,439.6
81.9,435.9
81.95,434.5
82.0,434.1
82.05,437.6
82.1,436.0
82.15,435.3
82.2,434.4
82.25,436.2
82.3,431.2
82.35,438.3
82.4,434.2
82.45,433.1
82.5,431.4
82.55,431.3
82.6,431.1
82.65,428.1
82.7,428.0
82.75,426.2
82.8,427.9
82.85,428.4
82.9,426.7
82.95,424.8
83.0,423.2
83.05,426.1
83.1,427.1
83.15,424.7
83.2,425.4
83.25,427.4
83.3,429.8
83.35,421.0
83.4,430.2
83.45,423.7
83.5,426.1
83.55,423.6
83.6,418.2
83.65,423.9
83.7,418.1
83.75,421.4
83.8,417.4
83.85,419.7
83.9,417.9
83.95,423.1
84.0,413.3
84.05,419.2
84.1,417.7
84.15,414.3
84.2,413.9
84.25,414.5
84.3,417.7
84.35,416.4
84.4,413.9
84.45,417.0
84.5,412.4
84.55,412.3
84.6,410.8
84.65,408.5
84.7,417.2
84.75,413.8
84.8,414.1
84.85,408.0
84.9,408.0
84.95,409.2
85.0,408.1
85.05,407.1
85.1,408.1
85.15,405.9
85.2,409.5
85.25,405.4
85.3,409.1
85.35,408.3
85.4,405.4
85.45,400.0
85.5,407.2
85.55,402.3
85.6,402.0
85.65,404.2
85.7,403.2
85.75,399.9
85.8,395.4
85.85,402.3
85.9,398.8
85.95,402.6
86.0,398.8
86.05,397.6
86.1,401.8
86.15,398.7
86.2,398.2
86.25,396.6
86.3,398.3
86.35,392.3
86.4,396.4
86.45,391.7
86.5,398.0
86.55,389.0
86.6,396.1
86.65,396.3
86.7,392.7
86.75,394.2
86.8,396.0
86.85,392.2
86.9,391.7
86.95,391.4
87.0,390.8
87.05,393.4
87.1,388.6
87.15,390.3
87.2,387.3
87.25,392.7
87.3,388.8
87.35,387.8
87.4,384.5
87.45,384.7
87.5,384.7
87.55,385.0
87.6,381.1
87.65,389.3
87.7,381.3
87.75,380.8
87.8,384.5
87.85,382.5
87.9,382.4
87.95,382.2
88.0,379.5
88.05,384.3
88.1,383.2
88.15,375.9
88.2,379.0
88.25,379.4
88.3,380.3
88.35,374.4
88.4,375.0
88.45,376.0
88.5,377.7
88.55,377.1
88.6,383.3
88.65,375.0
88.7,378.5
88.75,375.7
88.8,376.6
88.85,370.8
88.9,371.1
88.95,370.6
89.0,372.9
89.05,368.7
89.1,374.8
89.15,371.5
89.2,371.1
89.25,368.7
89.3,372.8
89.35,369.8
89.4,370.6
89.45,366.5
89.5,369.0
89.55,370.2
89.6,364.4
89.65,371.3
89.7,370.6
89.75,369.7
89.8,369.8
89.85,364.4
89.9,363.3
89.95,370.9
90.0,360.1
90.05,359.8
90.1,364.0
90.15,366.3
90.2,358.8
90.25,363.3
90.3,362.1
90.35,358.6
90.4,362.0
90.45,360.5
90.5,355.7
90.55,360.3
90.6,357.1
90.65,357.8
90.7,361.0
90.75,359.1
90.8,356.4
90.85,360.8
90.9,355.9
90.95,354.3
91.0,354.9
91.05,357.6
91.1,351.5
91.15,350.2
91.2,354.0
91.25,351.1
91.3,350.1
91.35,356.0
91.4,353.1
91.45,354.8
91.5,353.4
91.55,349.8
91.6,350.4
91.65,348.4
91.7,350.0
91.75,350.7
91.8,344.2
91.85,343.8
91.9,345.2
91.95,345.0
92.0,351.6
92.05,341.4
92.1,342.9
92.15,340.8
92.2,340.7
92.25,343.2
92.3,342.5
92.35,337.5
92.4,344.1
92.45,341.3
92.5,341.2
92.55,345.7
92.6,339.0
92.65,341.5
92.7,340.2
92.75,343.5
92.8,337.2
92.85,341.1
92.9,333.5
92.95,336.8
93.0,338.4
93.05,336.4
93.1,334.3
93.15,335.6
93.2,336.8
93.25,335.2
93.3,333.7
93.35,334.8
93.4,330.7
93.45,328.9
93.5,329.4
93.55,328.1
93.6,328.7
93.65,331.5
93.7,326.9
93.75,329.2
93.8,325.7
93.85,336.1
93.9,327.2
93.95,334.5
94.0,326.9
94.05,327.1
94.1,325.7
94.15,325.3
94.2,326.6
94.25,322.7
94.3,326.9
94.35,318.0
94.4,322.4
94.45,323.9
94.5,323.9
94.55,322.3
94.6,324.3
94.65,321.4
94.7,319.4
94.75,327.2
94.8,323.1
94.85,326.9
94.9,317.3
94.95,318.0
95.0,321.1
95.05,318.7
95.1,318.2
95.15,311.1
95.2,317.4
95.25,313.8
95.3,313.1
95.35,315.6
95.4,311.7
95.45,309.4
95.5,315.6
95.55,314.1
95.6,310.6
95.65,313.7
95.7,313.9
95.75,316.1
95.8,311.5
95.85,312.6
95.9,313.1
95.95,308.2
96.0,310.4
96.05,311.5
96.1,311.0
96.15,309.4
96.2,307.8
96.25,307.1
96.3,306.2
96.35,304.7
96.4,305.5
96.45,303.3
96.5,305.5
96.55,310.2
96.6,304.2
96.65,304.8
96.7,304.6
96.75,306.0
96.8,300.1
96.85,300.7
96.9,299.2
96.95,296.3
97.0,301.9
97.05,300.4
97.1,298.9
97.15,301.2
97.2,299.8
97.25,301.0
97.3,295.0
97.35,299.3
97.4,296.8
97.45,297.7
97.5,289.2
97.55,300.5
97.6,291.3
97.65,297.7
97.7,295.2
97.75,290.8
97.8,290.1
97.85,295.3
97.9,297.5
97.95,288.5
98.0,292.2
98.05,289.1
98.1,292.5
98.15,289.8
98.2,285.5
98.25,291.3
98.3,287.4
98.35,289.8
98.4,285.3
98.45,289.1
98.5,289.3
98.55,289.0
98.6,284.0
98.65,289.5
98.7,289.0
98.75,284.2
98.8,282.6
98.85,283.2
98.9,286.1
98.95,283.1
99.0,282.1
99.05,288.0
99.1,276.4
99.15,280.8
99.2,279.1
99.25,278.0
99.3,280.3
99.35,283.1
99.4,280.0
99.45,274.3
99.5,284.2
99.55,280.8
99.6,278.4
99.65,275.9
99.7,274.5
99.75,272.9
99.8,276.2
99.85,273.9
99.9,274.3
99.95,272.2
100.0,273.4
100.05,272.2
100.1,274.9
100.15,272.4
100.2,272.6
100.25,266.8
100.3,274.0
100.35,271.8
100.4,267.9
100.45,271.0
100.5,267.3
100.55,266.5
100.6,272.9
100.65,263.6
100.7,268.2
100.75,263.9
100.8,265.0
100.85,266.2
100.9,266.4
100.95,261.8
101.0,264.7
101.05,261.3
101.1,265.0
101.15,265.7
101.2,256.3
101.25,266.4
101.3,265.2
101.35,257.8
101.4,262.7
101.45,260.9
101.5,259.3
101.55,259.7
101.6,254.3
101.65,256.4
101.7,258.5
101.75,256.7
101.8,261.5
101.85,255.1
101.9,255.5
101.95,258.2
102.0,254.2
102.05,258.8
102.1,257.0
102.15,256.0
102.2,256.1
102.25,254.1
102.3,252.1
102.35,252.8
102.4,252.4
102.45,253.3
102.5,246.6
102.55,248.2
102.6,257.1
102.65,250.2
102.7,255.3
102.75,247.8
102.8,251.0
102.85,248.7
102.9,246.4
102.95,244.6
103.0,245.7
103.05,242.7
103.1,247.8
103.15,249.0
103.2,245.0
103.25,247.4
103.3,242.5
103.35,240.8
103.4,247.4
103.45,240.8
103.5,241.1
103.55,236.7
103.6,240.0
103.65,239.1
103.7,239.4
103.75,236.8
103.8,241.3
103.85,241.9
103.9,237.3
103.95,234.2
104.0,236.0
104.05,228.4
104.1,237.9
104.15,234.0
104.2,238.0
104.25,237.8
104.3,228.4
104.35,233.6
104.4,230.6
104.45,236.0
104.5,235.7
104.55,232.1
104.6,229.0
104.65,232.5
104.7,229.0
104.75,226.6
104.8,231.3
104.85,228.7
104.9,229.4
104.95,229.8
105.0,227.0
105.05,228.4
105.1,231.6
105.15,226.5
105.2,222.5
105.25,227.1
105.3,228.0
105.35,225.8
105.4,224.8
105.45,225.7
105.5,225.3
105.55,221.0
105.6,221.7
105.65,226.1
105.7,224.9
105.75,219.4
105.8,224.4
105.85,224.4
105.9,217.5
105.95,221.5
106.0,220.0
106.05,219.0
106.1,217.1
106.15,215.8
106.2,216.9
106.25,214.5
106.3,218.7
106.35,217.6
106.4,214.3
106.45,215.6
106.5,211.8
106.55,211.9
106.6,214.5
106.65,217.2
106.7,215.6
106.75,209.8
106.8,210.0
106.85,211.1
106.9,211.1
106.95,213.3
107.0,208.5
107.05,207.5
107.1,212.5
107.15,210.0
107.2,207.9
107.25,210.1
107.3,206.9
107.35,209.7
107.4,207.6
107.45,207.2
107.5,208.6
107.55,201.0
107.6,207.8
107.65,204.0
107.7,200.9
107.75,201.7
107.8,202.3
107.85,201.0
107.9,203.2
107.95,205.2
108.0,200.8
108.05,201.6
108.1,201.9
108.15,196.9
108.2,198.4
108.25,198.7
108.3,198.2
108.35,197.0
108.4,191.3
108.45,200.6
108.5,193.5
108.55,197.9
108.6,201.4
108.65,194.8
108.7,193.8
108.75,192.2
108.8,191.9
108.85,190.8
108.9,191.6
108.95,195.1
109.0,191.1
109.05,194.3
109.1,192.1
109.15,190.6
109.2,190.8
109.25,191.2
109.3,189.3
109.35,187.5
109.4,190.1
109.45,190.3
109.5,185.8
109.55,187.6
109.6,187.6
109.65,184.6
109.7,185.5
109.75,185.9
109.8,186.5
109.85,179.1
109.9,184.2
109.95,179.1
110.0,181.8
110.05,186.0
110.1,180.1
110.15,183.4
110.2,178.4
110.25,178.8
110.3,184.4
110.35,183.9
110.4,182.8
110.45,180.4
110.5,180.7
110.55,179.5
110.6,178.4
110.65,183.9
110.7,177.8
110.75,175.7
110.8,176.2
110.85,176.4
110.9,175.7
110.95,172.5
111.0,173.5
111.05,173.4
111.1,176.1
111.15,172.2
111.2,171.8
111.25,171.5
111.3,169.9
111.35,167.7
111.4,166.0
111.45,170.5
111.5,169.2
111.55,167.6
111.6,166.4
111.65,172.0
111.7,167.8
111.75,172.6
111.8,161.9
111.85,160.3
111.9,165.9
111.95,170.0
112.0,165.8
112.05,162.1
112.1,163.4
112.15,163.8
112.2,163.8
112.25,158.6
112.3,161.2
112.35,160.2
112.4,161.2
112.45,159.6
112.5,159.6
112.55,159.2
112.6,160.5
112.65,158.9
112.7,156.8
112.75,157.8
112.8,158.7
112.85,166.1
112.9,162.3
112.95,160.6
113.0,156.8
113.05,152.3
113.1,149.3
113.15,154.8
113.2,154.2
113.25,158.0
113.3,151.9
113.35,151.6
113.4,152.0
113.45,153.9
113.5,150.4
113.55,150.4
113.6,154.3
113.65,153.3
113.7,147.8
113.75,146.3
113.8,149.2
113.85,147.1
113.9,143.5
113.95,149.0
114.0,143.8
114.05,145.4
114.1,147.6
114.15,141.5
114.2,145.5
114.25,144.2
114.3,148.1
114.35,147.9
114.4,141.4
114.45,139.7
114.5,140.9
114.55,144.3
114.6,144.8
114.65,138.3
114.7,139.0
114.75,139.8
114.8,134.8
114.85,142.0
114.9,136.7
114.95,134.9
115.0,137.9
115.05,137.7
115.1,136.6
115.15,137.6
115.2,140.8
115.25,134.1
115.3,138.3
115.35,132.0
115.4,135.0
115.45,133.5
115.5,135.0
115.55,133.7
115.6,126.9
115.65,131.0
115.7,134.5
115.75,131.1
115.8,129.4
115.85,132.6
115.9,132.5
115.95,129.8
116.0,130.3
116.05,129.0
116.1,128.2
116.15,125.6
116.2,127.9
116.25,125.8
116.3,124.6
116.35,122.3
116.4,125.8
116.45,124.0
116.5,125.5
116.55,124.7
116.6,123.5
116.65,125.2
116.7,120.8
116.75,125.0
116.8,118.4
116.85,118.1
116.9,126.9
116.95,120.8
117.0,123.1
117.05,115.2
117.1,116.1
117.15,122.1
117.2,114.8
117.25,119.2
117.3,112.6
117.35,111.9
117.4,117.8
117.45,112.0
117.5,119.8
117.55,125.0
117.6,115.8
117.65,113.2
117.7,118.2
117.75,112.0
117.8,113.4
117.85,114.1
117.9,115.2
117.95,111.0
118.0,107.4
118.05,115.1
118.1,112.6
118.15,110.1
118.2,111.7
118.25,109.6
118.3,103.5
118.35,110.9
118.4,107.1
118.45,108.4
118.5,106.2
118.55,107.3
118.6,102.7
118.65,108.8
118.7,101.2
118.75,104.6
118.8,103.8
118.85,106.3
118.9,104.1
118.95,102.8
119.0,101.6
119.05,99.8
119.1,108.5
119.15,97.4
119.2,98.3
119.25,103.2
119.3,103.6
119.35,101.7
119.4,96.1
119.45,98.8
119.5,99.8
119.55,98.9
119.6,98.8
119.65,97.3
119.7,96.2
119.75,94.1
119.8,97.4
119.85,93.8
119.9,98.5
119.95,90.7
